Workbook

Sheet Calificaciones
A1: ID | B1: Alumno | C1: Asignatura | D1: Grupo | E1: Prácticas | F1: Parcial 1 | G1: Parcial 2 | H1: Proyecto | I1: Asistencia % | J1: Entregas retrasadas | K1: Nota final | L1: Estado | M1: Observaciones
A2: ALU-001 | B2: Lucía Martín | C2: Cálculo Numérico | D2: G2 | E2: 5.7 | F2: 5.4 | G2: 5.4 | H2: 6.4 | I2: 77 | J2: 1 | K2: =E2*0.25+F2*0.2+G2*0.2+H2*0.3+I2/100*0.05-J2*0.1 -> 5.4435 | L2: =IF(K2>=5,"Apto","No apto") -> Apto | M2: Debe mejorar la justificación de errores
A3: ALU-001 | B3: Lucía Martín | C3: Sistemas Digitales | D3: G3 | E3: 6.2 | F3: 5.8 | G3: 6 | H3: 6.9 | I3: 81 | J3: 2 | K3: =E3*0.25+F3*0.2+G3*0.2+H3*0.3+I3/100*0.05-J3*0.1 -> 5.8205 | L3: =IF(K3>=5,"Apto","No apto") -> Apto | M3: Excelente defensa oral
A4: ALU-001 | B4: Lucía Martín | C4: Termodinámica Aplicada | D4: G4 | E4: 6.8 | F4: 6.3 | G4: 6.6 | H4: 6.3 | I4: 85 | J4: 3 | K4: =E4*0.25+F4*0.2+G4*0.2+H4*0.3+I4/100*0.05-J4*0.1 -> 5.9125 | L4: =IF(K4>=5,"Apto","No apto") -> Apto | M4: Buen progreso en laboratorio
A5: ALU-001 | B5: Lucía Martín | C5: Robótica Móvil | D5: G1 | E5: 7.3 | F5: 6.8 | G5: 6.1 | H5: 6.8 | I5: 89 | J5: 0 | K5: =E5*0.25+F5*0.2+G5*0.2+H5*0.3+I5/100*0.05-J5*0.1 -> 6.4895 | L5: =IF(K5>=5,"Apto","No apto") -> Apto | M5: Aprobado ajustado
A6: ALU-001 | B6: Lucía Martín | C6: Redes Industriales | D6: G2 | E6: 6.6 | F6: 6.2 | G6: 6.7 | H6: 7.3 | I6: 93 | J6: 1 | K6: =E6*0.25+F6*0.2+G6*0.2+H6*0.3+I6/100*0.05-J6*0.1 -> 6.3665 | L6: =IF(K6>=5,"Apto","No apto") -> Apto | M6: Prototipo muy robusto
A7: ALU-002 | B7: Javier Ruiz | C7: Cálculo Numérico | D7: G3 | E7: 6.6 | F7: 6.4 | G7: 6.2 | H7: 6.6 | I7: 82 | J7: 2 | K7: =E7*0.25+F7*0.2+G7*0.2+H7*0.3+I7/100*0.05-J7*0.1 -> 5.991 | L7: =IF(K7>=5,"Apto","No apto") -> Apto | M7: Excelente defensa oral
A8: ALU-002 | B8: Javier Ruiz | C8: Sistemas Digitales | D8: G4 | E8: 7.2 | F8: 6.9 | G8: 6.8 | H8: 7.1 | I8: 86 | J8: 3 | K8: =E8*0.25+F8*0.2+G8*0.2+H8*0.3+I8/100*0.05-J8*0.1 -> 6.413 | L8: =IF(K8>=5,"Apto","No apto") -> Apto | M8: Buen progreso en laboratorio
A9: ALU-002 | B9: Javier Ruiz | C9: Termodinámica Aplicada | D9: G1 | E9: 7.7 | F9: 6.3 | G9: 7.5 | H9: 7.7 | I9: 90 | J9: 0 | K9: =E9*0.25+F9*0.2+G9*0.2+H9*0.3+I9/100*0.05-J9*0.1 -> 7.04 | L9: =IF(K9>=5,"Apto","No apto") -> Apto | M9: Aprobado ajustado
A10: ALU-002 | B10: Javier Ruiz | C10: Robótica Móvil | D10: G2 | E10: 7 | F10: 6.8 | G10: 7 | H10: 8.2 | I10: 94 | J10: 1 | K10: =E10*0.25+F10*0.2+G10*0.2+H10*0.3+I10/100*0.05-J10*0.1 -> 6.917 | L10: =IF(K10>=5,"Apto","No apto") -> Apto | M10: Prototipo muy robusto
A11: ALU-002 | B11: Javier Ruiz | C11: Redes Industriales | D11: G3 | E11: 7.6 | F11: 7.3 | G11: 7.6 | H11: 7.6 | I11: 98 | J11: 2 | K11: =E11*0.25+F11*0.2+G11*0.2+H11*0.3+I11/100*0.05-J11*0.1 -> 7.009 | L11: =IF(K11>=5,"Apto","No apto") -> Apto | M11: Capturas bien documentadas
A12: ALU-003 | B12: María López | C12: Cálculo Numérico | D12: G4 | E12: 7.6 | F12: 6.4 | G12: 7.1 | H12: 8 | I12: 87 | J12: 3 | K12: =E12*0.25+F12*0.2+G12*0.2+H12*0.3+I12/100*0.05-J12*0.1 -> 6.7435 | L12: =IF(K12>=5,"Apto","No apto") -> Apto | M12: Buen progreso en laboratorio
A13: ALU-003 | B13: María López | C13: Sistemas Digitales | D13: G1 | E13: 8.1 | F13: 6.9 | G13: 7.7 | H13: 7.4 | I13: 91 | J13: 0 | K13: =E13*0.25+F13*0.2+G13*0.2+H13*0.3+I13/100*0.05-J13*0.1 -> 7.2105 | L13: =IF(K13>=5,"Apto","No apto") -> Apto | M13: Aprobado ajustado
... A201: ALU-040 | B201: Lucas Ferrer | C201: Redes Industriales | D201: G1 | E201: 9.4 | F201: 8 | G201: 9.2 | H201: 9.6 | I201: 85 | J201: 0 | K201: =E201*0.25+F201*0.2+G201*0.2+H201*0.3+I201/100*0.05-J201*0.1 -> 8.7125 | L201: =IF(K201>=5,"Apto","No apto") -> Apto | M201: Participación constante

Sheet Resumen
A1: Indicador | B1: Valor
A2: Registros de calificación | B2: =COUNTA(Calificaciones!A2:A201) -> 200
A3: Alumnos distintos | B3: 40
A4: Asignaturas | B4: 5
A5: Media prácticas | B5: =AVERAGE(Calificaciones!E2:E201) -> 7.669
A6: Media parcial 1 | B6: =AVERAGE(Calificaciones!F2:F201) -> 7.214
A7: Media parcial 2 | B7: =AVERAGE(Calificaciones!G2:G201) -> 7.463
A8: Media proyecto | B8: =AVERAGE(Calificaciones!H2:H201) -> 7.8855
A9: Media nota final | B9: =AVERAGE(Calificaciones!K2:K201) -> 7.1113375
A10: Aptos | B10: =COUNTIF(Calificaciones!L2:L201,"Apto") -> 190
A11: No aptos | B11: =COUNTIF(Calificaciones!L2:L201,"No apto") -> 10
A12: Asistencia media | B12: =AVERAGE(Calificaciones!I2:I201) -> 86.075
A13: Entregas retrasadas totales | B13: =SUM(Calificaciones!J2:J201) -> 300

Sheet Por asignatura
A1: Asignatura | B1: Registros | C1: Media prácticas | D1: Media parcial 1 | E1: Media parcial 2 | F1: Media proyecto | G1: Media final | H1: Aptos
A2: Cálculo Numérico | B2: =COUNTIF(Calificaciones!C2:C201,A2) -> 40 | C2: =AVERAGEIF(Calificaciones!C2:C201,A2,Calificaciones!E2:E201) -> 7.6675 | D2: =AVERAGEIF(Calificaciones!C2:C201,A2,Calificaciones!F2:F201) -> 7.16 | E2: =AVERAGEIF(Calificaciones!C2:C201,A2,Calificaciones!G2:G201) -> 7.4775 | F2: =AVERAGEIF(Calificaciones!C2:C201,A2,Calificaciones!H2:H201) -> 7.895 | G2: =AVERAGEIF(Calificaciones!C2:C201,A2,Calificaciones!K2:K201) -> 7.1059 | H2: =COUNTIFS(Calificaciones!C2:C201,A2,Calificaciones!L2:L201,"Apto") -> 37
A3: Sistemas Digitales | B3: =COUNTIF(Calificaciones!C2:C201,A3) -> 40 | C3: =AVERAGEIF(Calificaciones!C2:C201,A3,Calificaciones!E2:E201) -> 7.615 | D3: =AVERAGEIF(Calificaciones!C2:C201,A3,Calificaciones!F2:F201) -> 7.2375 | E3: =AVERAGEIF(Calificaciones!C2:C201,A3,Calificaciones!G2:G201) -> 7.4075 | F3: =AVERAGEIF(Calificaciones!C2:C201,A3,Calificaciones!H2:H201) -> 7.805 | G3: =AVERAGEIF(Calificaciones!C2:C201,A3,Calificaciones!K2:K201) -> 7.0671 | H3: =COUNTIFS(Calificaciones!C2:C201,A3,Calificaciones!L2:L201,"Apto") -> 38
A4: Termodinámica Aplicada | B4: =COUNTIF(Calificaciones!C2:C201,A4) -> 40 | C4: =AVERAGEIF(Calificaciones!C2:C201,A4,Calificaciones!E2:E201) -> 7.655 | D4: =AVERAGEIF(Calificaciones!C2:C201,A4,Calificaciones!F2:F201) -> 7.13 | E4: =AVERAGEIF(Calificaciones!C2:C201,A4,Calificaciones!G2:G201) -> 7.4375 | F4: =AVERAGEIF(Calificaciones!C2:C201,A4,Calificaciones!H2:H201) -> 7.89 | G4: =AVERAGEIF(Calificaciones!C2:C201,A4,Calificaciones!K2:K201) -> 7.0872875 | H4: =COUNTIFS(Calificaciones!C2:C201,A4,Calificaciones!L2:L201,"Apto") -> 39
A5: Robótica Móvil | B5: =COUNTIF(Calificaciones!C2:C201,A5) -> 40 | C5: =AVERAGEIF(Calificaciones!C2:C201,A5,Calificaciones!E2:E201) -> 7.69 | D5: =AVERAGEIF(Calificaciones!C2:C201,A5,Calificaciones!F2:F201) -> 7.34 | E5: =AVERAGEIF(Calificaciones!C2:C201,A5,Calificaciones!G2:G201) -> 7.4475 | F5: =AVERAGEIF(Calificaciones!C2:C201,A5,Calificaciones!H2:H201) -> 7.89 | G5: =AVERAGEIF(Calificaciones!C2:C201,A5,Calificaciones!K2:K201) -> 7.140225 | H5: =COUNTIFS(Calificaciones!C2:C201,A5,Calificaciones!L2:L201,"Apto") -> 38
A6: Redes Industriales | B6: =COUNTIF(Calificaciones!C2:C201,A6) -> 40 | C6: =AVERAGEIF(Calificaciones!C2:C201,A6,Calificaciones!E2:E201) -> 7.7175 | D6: =AVERAGEIF(Calificaciones!C2:C201,A6,Calificaciones!F2:F201) -> 7.2025 | E6: =AVERAGEIF(Calificaciones!C2:C201,A6,Calificaciones!G2:G201) -> 7.545 | F6: =AVERAGEIF(Calificaciones!C2:C201,A6,Calificaciones!H2:H201) -> 7.9475 | G6: =AVERAGEIF(Calificaciones!C2:C201,A6,Calificaciones!K2:K201) -> 7.156175 | H6: =COUNTIFS(Calificaciones!C2:C201,A6,Calificaciones!L2:L201,"Apto") -> 38

Sheet Incidencias
A1: Fecha | B1: Alumno | C1: Asignatura | D1: Tipo | E1: Descripción | F1: Acción tomada | G1: Estado
A2: 2026-03-03 | B2: Álvaro Sánchez | C2: Termodinámica Aplicada | D2: Falta justificada | E2: Caso 1: falta justificada registrado durante el seguimiento continuo. | F2: Anotado en aula virtual y comunicado al estudiante | G2: Cerrado
A3: 2026-04-05 | B3: Carmen Ortega | C3: Redes Industriales | D3: Reentrega | E3: Caso 2: reentrega registrado durante el seguimiento continuo. | F3: Anotado en aula virtual y comunicado al estudiante | G3: Cerrado
A4: 2026-05-07 | B4: Diego Molina | C4: Sistemas Digitales | D4: Incidencia técnica | E4: Caso 3: incidencia técnica registrado durante el seguimiento continuo. | F4: Anotado en aula virtual y comunicado al estudiante | G4: Cerrado
A5: 2026-06-09 | B5: Elena Domínguez | C5: Robótica Móvil | D5: Tutoría recomendada | E5: Caso 4: tutoría recomendada registrado durante el seguimiento continuo. | F5: Anotado en aula virtual y comunicado al estudiante | G5: Pendiente
A6: 2026-02-11 | B6: Bruno León | C6: Cálculo Numérico | D6: Retraso | E6: Caso 5: retraso registrado durante el seguimiento continuo. | F6: Anotado en aula virtual y comunicado al estudiante | G6: Cerrado
A7: 2026-03-13 | B7: Marta Vega | C7: Termodinámica Aplicada | D7: Falta justificada | E7: Caso 6: falta justificada registrado durante el seguimiento continuo. | F7: Anotado en aula virtual y comunicado al estudiante | G7: Cerrado
A8: 2026-04-15 | B8: Raúl Pardo | C8: Redes Industriales | D8: Reentrega | E8: Caso 7: reentrega registrado durante el seguimiento continuo. | F8: Anotado en aula virtual y comunicado al estudiante | G8: Cerrado
A9: 2026-05-17 | B9: Julia Fuentes | C9: Sistemas Digitales | D9: Incidencia técnica | E9: Caso 8: incidencia técnica registrado durante el seguimiento continuo. | F9: Anotado en aula virtual y comunicado al estudiante | G9: Pendiente
A10: 2026-06-19 | B10: Mario Reyes | C10: Robótica Móvil | D10: Tutoría recomendada | E10: Caso 9: tutoría recomendada registrado durante el seguimiento continuo. | F10: Anotado en aula virtual y comunicado al estudiante | G10: Cerrado
A11: 2026-02-21 | B11: Eva Pascual | C11: Cálculo Numérico | D11: Retraso | E11: Caso 10: retraso registrado durante el seguimiento continuo. | F11: Anotado en aula virtual y comunicado al estudiante | G11: Cerrado
A12: 2026-03-23 | B12: Nicolás Cano | C12: Termodinámica Aplicada | D12: Falta justificada | E12: Caso 11: falta justificada registrado durante el seguimiento continuo. | F12: Anotado en aula virtual y comunicado al estudiante | G12: Cerrado
... A61: 2026-02-09 | B61: Sofía Herrera | C61: Cálculo Numérico | D61: Retraso | E61: Caso 60: retraso registrado durante el seguimiento continuo. | F61: Anotado en aula virtual y comunicado al estudiante | G61: Pendiente
