Workbook

Sheet Calificaciones
A1: ID | B1: Alumno | C1: Asignatura | D1: Grupo | E1: Prácticas | F1: Parcial 1 | G1: Parcial 2 | H1: Proyecto | I1: Asistencia % | J1: Entregas retrasadas | K1: Nota final | L1: Estado | M1: Observaciones
A2: ALU-001 | B2: Lucía Martín | C2: Cálculo Numérico | D2: G2 | E2: 6.8 | F2: 5.4 | G2: 6.9 | H2: 5.8 | I2: 100 | J2: 0 | K2: =MAX(0,MIN(10,ROUND(E2*0.20+F2*0.25+G2*0.25+H2*0.25+I2/100*0.50-J2*0.15,1))) -> 6.4 | L2: =IF(K2>=5,"Apto","No apto") -> Apto | M2: Participa de forma regular y entrega con calidad suficiente.
A3: ALU-001 | B3: Lucía Martín | C3: Sistemas Digitales | D3: G3 | E3: 7.2 | F3: 7.6 | G3: 6.4 | H3: 6.6 | I3: 92 | J3: 0 | K3: =MAX(0,MIN(10,ROUND(E3*0.20+F3*0.25+G3*0.25+H3*0.25+I3/100*0.50-J3*0.15,1))) -> 7 | L3: =IF(K3>=5,"Apto","No apto") -> Apto | M3: Buen trabajo en prácticas, con margen en la argumentación.
A4: ALU-001 | B4: Lucía Martín | C4: Termodinámica Aplicada | D4: G4 | E4: 4.9 | F4: 5 | G4: 5.8 | H4: 4.8 | I4: 100 | J4: 0 | K4: =MAX(0,MIN(10,ROUND(E4*0.20+F4*0.25+G4*0.25+H4*0.25+I4/100*0.50-J4*0.15,1))) -> 5.4 | L4: =IF(K4>=5,"Apto","No apto") -> Apto | M4: Resultados sólidos, especialmente en proyecto.
A5: ALU-001 | B5: Lucía Martín | C5: Robótica Móvil | D5: G1 | E5: 6.5 | F5: 7.2 | G5: 6.4 | H5: 7.8 | I5: 96 | J5: 0 | K5: =MAX(0,MIN(10,ROUND(E5*0.20+F5*0.25+G5*0.25+H5*0.25+I5/100*0.50-J5*0.15,1))) -> 7.1 | L5: =IF(K5>=5,"Apto","No apto") -> Apto | M5: Participa de forma regular y entrega con calidad suficiente.
A6: ALU-001 | B6: Lucía Martín | C6: Redes Industriales | D6: G2 | E6: 6 | F6: 5.9 | G6: 4.2 | H6: 6.2 | I6: 91 | J6: 0 | K6: =MAX(0,MIN(10,ROUND(E6*0.20+F6*0.25+G6*0.25+H6*0.25+I6/100*0.50-J6*0.15,1))) -> 5.7 | L6: =IF(K6>=5,"Apto","No apto") -> Apto | M6: Buen trabajo en prácticas, con margen en la argumentación.
A7: ALU-002 | B7: Javier Ruiz | C7: Cálculo Numérico | D7: G3 | E7: 7.4 | F7: 6.6 | G7: 6.6 | H7: 6.5 | I7: 88 | J7: 0 | K7: =MAX(0,MIN(10,ROUND(E7*0.20+F7*0.25+G7*0.25+H7*0.25+I7/100*0.50-J7*0.15,1))) -> 6.8 | L7: =IF(K7>=5,"Apto","No apto") -> Apto | M7: Rendimiento irregular: muy dependiente de la evaluación continua.
A8: ALU-002 | B8: Javier Ruiz | C8: Sistemas Digitales | D8: G4 | E8: 7.7 | F8: 7.6 | G8: 8 | H8: 7.9 | I8: 85 | J8: 0 | K8: =MAX(0,MIN(10,ROUND(E8*0.20+F8*0.25+G8*0.25+H8*0.25+I8/100*0.50-J8*0.15,1))) -> 7.8 | L8: =IF(K8>=5,"Apto","No apto") -> Apto | M8: Buen trabajo en prácticas, con margen en la argumentación.
A9: ALU-002 | B9: Javier Ruiz | C9: Termodinámica Aplicada | D9: G1 | E9: 6 | F9: 6.2 | G9: 6.6 | H9: 6.1 | I9: 84 | J9: 0 | K9: =MAX(0,MIN(10,ROUND(E9*0.20+F9*0.25+G9*0.25+H9*0.25+I9/100*0.50-J9*0.15,1))) -> 6.3 | L9: =IF(K9>=5,"Apto","No apto") -> Apto | M9: Rendimiento irregular: muy dependiente de la evaluación continua.
A10: ALU-002 | B10: Javier Ruiz | C10: Robótica Móvil | D10: G2 | E10: 8.5 | F10: 7.5 | G10: 7.9 | H10: 9.3 | I10: 98 | J10: 1 | K10: =MAX(0,MIN(10,ROUND(E10*0.20+F10*0.25+G10*0.25+H10*0.25+I10/100*0.50-J10*0.15,1))) -> 8.2 | L10: =IF(K10>=5,"Apto","No apto") -> Apto | M10: Progreso estable; conviene reforzar la parte teórica.
A11: ALU-002 | B11: Javier Ruiz | C11: Redes Industriales | D11: G3 | E11: 8.3 | F11: 6.7 | G11: 7.6 | H11: 7.4 | I11: 91 | J11: 0 | K11: =MAX(0,MIN(10,ROUND(E11*0.20+F11*0.25+G11*0.25+H11*0.25+I11/100*0.50-J11*0.15,1))) -> 7.5 | L11: =IF(K11>=5,"Apto","No apto") -> Apto | M11: Participa de forma regular y entrega con calidad suficiente.
A12: ALU-003 | B12: Sofía Navarro | C12: Cálculo Numérico | D12: G4 | E12: 8.5 | F12: 6.5 | G12: 6.1 | H12: 8.5 | I12: 85 | J12: 1 | K12: =MAX(0,MIN(10,ROUND(E12*0.20+F12*0.25+G12*0.25+H12*0.25+I12/100*0.50-J12*0.15,1))) -> 7.2 | L12: =IF(K12>=5,"Apto","No apto") -> Apto | M12: Mejora clara respecto al primer parcial.
A13: ALU-003 | B13: Sofía Navarro | C13: Sistemas Digitales | D13: G1 | E13: 7.2 | F13: 5.5 | G13: 7.6 | H13: 8 | I13: 86 | J13: 0 | K13: =MAX(0,MIN(10,ROUND(E13*0.20+F13*0.25+G13*0.25+H13*0.25+I13/100*0.50-J13*0.15,1))) -> 7.1 | L13: =IF(K13>=5,"Apto","No apto") -> Apto | M13: Rendimiento irregular: muy dependiente de la evaluación continua.
... A201: ALU-040 | B201: Alejandro Núñez | C201: Redes Industriales | D201: G1 | E201: 7.1 | F201: 7.1 | G201: 7 | H201: 8 | I201: 90 | J201: 0 | K201: =MAX(0,MIN(10,ROUND(E201*0.20+F201*0.25+G201*0.25+H201*0.25+I201/100*0.50-J201*0.15,1))) -> 7.4 | L201: =IF(K201>=5,"Apto","No apto") -> Apto | M201: Mejora clara respecto al primer parcial.

Sheet Resumen
A1: Indicador | B1: Valor | C1: Fórmula / criterio
A2: Registros de calificación | B2: 200 | C2: =COUNTA(Calificaciones!A2:A201) -> 200
A3: Alumnos distintos | B3: 40 | C3: 40 alumnos x 5 asignaturas
A4: Asignaturas | B4: 5 | C4: Dificultad distinta por asignatura
A5: Media prácticas | B5: 6.54 | C5: =AVERAGE(Calificaciones!E2:E201) -> 6.54
A6: Media parcial 1 | B6: 6.1 | C6: =AVERAGE(Calificaciones!F2:F201) -> 6.1
A7: Media parcial 2 | B7: 6.36 | C7: =AVERAGE(Calificaciones!G2:G201) -> 6.36
A8: Media proyecto | B8: 6.56 | C8: =AVERAGE(Calificaciones!H2:H201) -> 6.56
A9: Media nota final | B9: 6.44 | C9: =AVERAGE(Calificaciones!K2:K201) -> 6.44
A10: Desviación típica nota final | B10: 1.38 | C10: Mayor variación que en el original
A11: Aptos | B11: 172 | C11: =COUNTIF(Calificaciones!L2:L201,"Apto") -> 172
A12: No aptos | B12: 28 | C12: =COUNTIF(Calificaciones!L2:L201,"No apto") -> 28

Sheet Por asignatura
A1: Asignatura | B1: Registros | C1: Media prácticas | D1: Media parcial 1 | E1: Media parcial 2 | F1: Media proyecto | G1: Media final | H1: Desv. final | I1: Aptos | J1: No aptos | K1: Lectura
A2: Cálculo Numérico | B2: 40 | C2: 6.41 | D2: 5.82 | E2: 6.21 | F2: 6.18 | G2: 6.21 | H2: 1.3 | I2: 33 | J2: 7 | K2: Dificultad media
A3: Sistemas Digitales | B3: 40 | C3: 6.9 | D3: 6.52 | E3: 6.54 | F3: 6.84 | G3: 6.75 | H3: 1.12 | I3: 38 | J3: 2 | K3: Dificultad media
A4: Termodinámica Aplicada | B4: 40 | C4: 5.68 | D4: 4.96 | E4: 5.24 | F4: 5.19 | G4: 5.35 | H4: 1.13 | I4: 28 | J4: 12 | K4: Más difícil
A5: Robótica Móvil | B5: 40 | C5: 7.21 | D5: 6.79 | E5: 7.09 | F5: 7.85 | G5: 7.26 | H5: 1.19 | I5: 38 | J5: 2 | K5: Más asequible/práctica
A6: Redes Industriales | B6: 40 | C6: 6.52 | D6: 6.43 | E6: 6.74 | F6: 6.72 | G6: 6.65 | H6: 1.34 | I6: 35 | J6: 5 | K6: Dificultad media

Sheet Parámetros
A1: Parámetro | B1: Valor
A2: Fórmula nota final | B2: 20% prácticas + 25% parcial 1 + 25% parcial 2 + 25% proyecto + hasta 0,5 por asistencia - 0,15 por entrega retrasada
A3: Redondeo | B3: 1 decimal, limitado entre 0 y 10
A4: Apto | B4: Nota final >= 5,0
A5: Dificultad alta | B5: Termodinámica Aplicada: menor media, mayor dispersión y más suspensos
A6: Dificultad baja | B6: Robótica Móvil: recuperable con proyecto, mayor media
A7: Generador | B7: generar_calificaciones_realistas.py; semilla fija 20260524

Sheet Incidencias
A1: Fecha | B1: Alumno | C1: Asignatura | D1: Tipo | E1: Descripción | F1: Acción tomada | G1: Estado
A2: 2026-04-26 | B2: Noa Peña | C2: Termodinámica Aplicada | D2: Tutoría recomendada | E2: Seguimiento 1: tutoría recomendada en Termodinámica Aplicada; nota provisional 3.8 y asistencia 100%. | F2: Tutoría y plan de recuperación | G2: Pendiente
A3: 2026-04-19 | B3: Valeria Cruz | C3: Redes Industriales | D3: Tutoría recomendada | E3: Seguimiento 2: tutoría recomendada en Redes Industriales; nota provisional 3.9 y asistencia 76%. | F3: Tutoría y plan de recuperación | G3: Pendiente
A4: 2026-05-29 | B4: Valeria Cruz | C4: Robótica Móvil | D4: Falta justificada | E4: Seguimiento 3: falta justificada en Robótica Móvil; nota provisional 5.1 y asistencia 93%. | F4: Anotado en aula virtual y comunicado al estudiante | G4: Cerrado
A5: 2026-03-13 | B5: Rubén Lozano | C5: Sistemas Digitales | D5: Reentrega | E5: Seguimiento 4: reentrega en Sistemas Digitales; nota provisional 7.4 y asistencia 56%. | F5: Anotado en aula virtual y comunicado al estudiante | G5: Cerrado
A6: 2026-02-11 | B6: Valeria Cruz | C6: Sistemas Digitales | D6: Tutoría recomendada | E6: Seguimiento 5: tutoría recomendada en Sistemas Digitales; nota provisional 4.6 y asistencia 81%. | F6: Tutoría y plan de recuperación | G6: Pendiente
A7: 2026-04-20 | B7: Rubén Lozano | C7: Cálculo Numérico | D7: Retraso | E7: Seguimiento 6: retraso en Cálculo Numérico; nota provisional 6.4 y asistencia 70%. | F7: Anotado en aula virtual y comunicado al estudiante | G7: Cerrado
A8: 2026-04-24 | B8: Mateo Aguilar | C8: Cálculo Numérico | D8: Retraso | E8: Seguimiento 7: retraso en Cálculo Numérico; nota provisional 5.4 y asistencia 63%. | F8: Anotado en aula virtual y comunicado al estudiante | G8: Cerrado
A9: 2026-05-08 | B9: Beatriz Santos | C9: Termodinámica Aplicada | D9: Falta justificada | E9: Seguimiento 8: falta justificada en Termodinámica Aplicada; nota provisional 5.6 y asistencia 68%. | F9: Anotado en aula virtual y comunicado al estudiante | G9: Cerrado
A10: 2026-05-12 | B10: Alicia Pastor | C10: Robótica Móvil | D10: Tutoría recomendada | E10: Seguimiento 9: tutoría recomendada en Robótica Móvil; nota provisional 5.0 y asistencia 96%. | F10: Anotado en aula virtual y comunicado al estudiante | G10: Cerrado
A11: 2026-02-22 | B11: Julia Fuentes | C11: Redes Industriales | D11: Retraso | E11: Seguimiento 10: retraso en Redes Industriales; nota provisional 7.7 y asistencia 66%. | F11: Anotado en aula virtual y comunicado al estudiante | G11: Cerrado
A12: 2026-04-26 | B12: Nuria Castro | C12: Cálculo Numérico | D12: Reentrega | E12: Seguimiento 11: reentrega en Cálculo Numérico; nota provisional 6.2 y asistencia 66%. | F12: Anotado en aula virtual y comunicado al estudiante | G12: Cerrado
... A43: 2026-04-07 | B43: Mateo Aguilar | C43: Redes Industriales | D43: Retraso | E43: Seguimiento 42: retraso en Redes Industriales; nota provisional 7.1 y asistencia 59%. | F43: Anotado en aula virtual y comunicado al estudiante | G43: Cerrado
